t,x
0,x
0.01,x
0.02,-8.257751867
0.03,x
0.04,-7.440570563
0.05,x
0.06,-8.153558512
0.07,-7.951640473
0.08,x
0.09,-9.17206865
0.1,x
0.11,x
0.12,-7.673079171
0.13,-7.55393997
0.14,x
0.15,x
0.16,x
0.17,x
0.18,-8.625577723
0.19,x
0.2,x
0.21,x
0.22,x
0.23,x
0.24,x
0.25,x
0.26,x
0.27,-9.63586552
0.28,x
0.29,x
0.3,-8.59230638
0.31,x
0.32,x
0.33,x
0.34,-8.515799297
0.35,x
0.36,x
0.37,-9.354050435
0.38,x
0.39,x
0.4,x
0.41,-9.423641728
0.42,x
0.43,x
0.44,-9.727138989
0.45,x
0.46,-11.79000874
0.47,-10.36957165
0.48,-9.562448474
0.49,x
0.5,x
0.51,x
0.52,-8.079329248
0.53,-10.10883569
0.54,x
0.55,x
0.56,-10.87821135
0.57,x
0.58,x
0.59,x
0.6,x
0.61,x
0.62,x
0.63,-9.192388212
0.64,x
0.65,x
0.66,-13.43981317
0.67,x
0.68,x
0.69,x
0.7,x
0.71,x
0.72,x
0.73,x
0.74,x
0.75,-8.673609278
0.76,-10.04671215
0.77,-10.18789152
0.78,x
0.79,x
0.8,x
0.81,-11.48539011
0.82,-11.80806805
0.83,-11.21627656
0.84,x
0.85,x
0.86,x
0.87,x
0.88,x
0.89,-12.30204447
0.9,x
0.91,x
0.92,x
0.93,-11.54104102
0.94,x
0.95,x
0.96,-13.43615291
0.97,x
0.98,x
0.99,-13.19326187
1,x
1.01,-11.48638724
1.02,x
1.03,x
1.04,-12.16058165
1.05,x
1.06,-11.81944764
1.07,x
1.08,x
1.09,x
1.1,x
1.11,x
1.12,x
1.13,-12.70090706
1.14,x
1.15,-14.12381946
1.16,-14.50656309
1.17,x
1.18,-15.26228122
1.19,x
1.2,-13.27594323
1.21,-14.59745201
1.22,x
1.23,-13.74831152
1.24,-15.25171585
1.25,-13.05070118
1.26,x
1.27,-12.76769889
1.28,x
1.29,x
1.3,x
1.31,x
1.32,-14.9024854
1.33,x
1.34,x
1.35,x
1.36,x
1.37,x
1.38,x
1.39,-15.77193172
1.4,-15.23433539
1.41,x
1.42,x
1.43,-16.00316453
1.44,x
1.45,x
1.46,-15.57189353
1.47,-15.82225101
1.48,-14.11173837
1.49,-19.79924717
1.5,-15.34729179
1.51,-22.40536447
1.52,x
1.53,-16.19766155
1.54,-13.84519587
1.55,-17.43259371
1.56,x
1.57,-19.07894105
1.58,-17.54674187
1.59,x
1.6,-18.45972671
1.61,x
1.62,x
1.63,-14.44785444
1.64,-16.79734065
1.65,-17.24686208
1.66,-17.94219557
1.67,x
1.68,-19.01915035
1.69,x
1.7,-21.23596795
1.71,-17.5923634
1.72,-15.19974418
1.73,-18.47336126
1.74,-17.6599521
1.75,-19.93310051
1.76,-20.08910304
1.77,-18.26515965
1.78,-16.15529701
1.79,x
1.8,-18.78886802
1.81,x
1.82,x
1.83,-22.47248789
1.84,-23.73615137
1.85,x
1.86,-19.29298173
1.87,x
1.88,x
1.89,x
1.9,x
1.91,x
1.92,-20.42493315
1.93,-19.63097478
1.94,-23.38448107
1.95,-17.39630323
1.96,x
1.97,-23.34316691
1.98,-23.88515078
1.99,x
2,x
2.01,x
2.02,x
2.03,-22.14485113
2.04,-19.12783413
2.05,x
2.06,x
2.07,-23.20412784
2.08,-20.15686313
2.09,-18.34108995
2.1,-24.34010611
2.11,x
2.12,x
2.13,-22.05414507
2.14,-23.59928037
2.15,x
2.16,-24.69146052
2.17,x
2.18,x
2.19,-27.52034747
2.2,-23.7669424
2.21,x
2.22,-24.08355165
2.23,-27.40104591
2.24,-25.11100035
2.25,x
2.26,-22.23646474
2.27,-21.64298003
2.28,x
2.29,x
2.3,-26.42000246
2.31,x
2.32,x
2.33,x
2.34,x
2.35,x
2.36,-28.77004131
2.37,x
2.38,-27.83346505
2.39,-26.12012151
2.4,x
2.41,-24.77488842
2.42,x
2.43,x
2.44,-25.48030783
2.45,-24.95161582
2.46,x
2.47,x
2.48,x
2.49,x
2.5,x
2.51,-31.25715225
2.52,-30.27356162
2.53,-26.96734685
2.54,x
2.55,-31.38025097
2.56,-30.27674994
2.57,x
2.58,x
2.59,-31.58987979
2.6,x
2.61,-37.46526962
2.62,x
2.63,x
2.64,x
2.65,-34.31365981
2.66,x
2.67,x
2.68,x
2.69,-32.82268445
2.7,x
2.71,x
2.72,-32.70618441
2.73,x
2.74,-25.83368441
2.75,x
2.76,x
2.77,x
2.78,x
2.79,x
2.8,x
2.81,x
2.82,x
2.83,x
2.84,-32.49601425
2.85,-38.18837738
2.86,x
2.87,-33.15378897
2.88,-34.09402697
2.89,x
2.9,-38.97455928
2.91,x
2.92,x
2.93,-42.14899847
2.94,-30.97483154
2.95,-45.62814891
2.96,x
2.97,x
2.98,-41.66308809
2.99,x
3,-40.49684397
3.01,-38.07683263
3.02,-43.12778732
3.03,-32.75375292
3.04,-42.48132403
3.05,x
3.06,-36.07173639
3.07,x
3.08,x
3.09,x
3.1,x
3.11,x
3.12,x
3.13,x
3.14,-35.15306864
3.15,-41.25034804
3.16,x
3.17,x
3.18,-36.88770952
3.19,x
3.2,-39.50828396
3.21,x
3.22,-41.64083955
3.23,x
3.24,x
3.25,x
3.26,-39.22098624
3.27,x
3.28,x
3.29,x
3.3,x
3.31,x
3.32,x
3.33,-49.33394379
3.34,-46.0821361
3.35,x
3.36,-50.9272054
3.37,x
3.38,-56.08494771
3.39,-48.30315178
3.4,x
3.41,-47.66448325
3.42,-43.78784181
3.43,-43.71424784
3.44,x
3.45,x
3.46,-46.18564578
3.47,x
3.48,x
3.49,x
3.5,x
3.51,x
3.52,-48.10110893
3.53,x
3.54,-63.77420661
3.55,x
3.56,-47.12770149
3.57,-45.16761419
3.58,x
3.59,x
3.6,-51.12628344
3.61,-53.88171774
3.62,x
3.63,x
3.64,x
3.65,-57.46328067
3.66,-50.83072894
3.67,-57.14581096
3.68,x
3.69,-57.9540908
3.7,x
3.71,x
3.72,x
3.73,x
3.74,-51.81508403
3.75,-54.78032457
3.76,x
3.77,x
3.78,x
3.79,x
3.8,x
3.81,x
3.82,-51.26208643
3.83,x
3.84,-44.44960224
3.85,-51.73205792
3.86,x
3.87,-51.3404343
3.88,-52.22313113
3.89,x
3.9,x
3.91,x
3.92,x
3.93,x
3.94,x
3.95,-55.6344132
3.96,x
3.97,x
3.98,-52.49286172
3.99,-58.88562172
4,x
4.01,x
4.02,-42.84250203
4.03,x
4.04,x
4.05,-56.56034765
4.06,-49.45341931
4.07,-58.09330256
4.08,x
4.09,x
4.1,x
4.11,-58.1161369
4.12,x
4.13,x
4.14,x
4.15,x
4.16,-58.03339405
4.17,-37.6743932
4.18,x
4.19,x
4.2,x
4.21,-43.0736053
4.22,x
4.23,x
4.24,x
4.25,x
4.26,x
4.27,x
4.28,-35.63702875
4.29,x
4.3,x
4.31,-44.03320434
4.32,-44.13409922
4.33,-37.62657834
4.34,-49.99264334
4.35,x
4.36,x
4.37,-40.55797921
4.38,x
4.39,-42.3742787
4.4,x
4.41,x
4.42,x
4.43,-35.08925688
4.44,x
4.45,x
4.46,-38.4956811
4.47,x
4.48,x
4.49,-37.82149093
4.5,-31.52972798
4.51,-31.27465841
4.52,x
4.53,x
4.54,x
4.55,x
4.56,-27.80577932
4.57,x
4.58,x
4.59,x
4.6,x
4.61,x
4.62,x
4.63,-26.15361752
4.64,x
4.65,-26.41641846
4.66,-23.67637063
4.67,x
4.68,-21.7243595
4.69,-24.86748082
4.7,-18.94622672
4.71,x
4.72,x
4.73,x
4.74,x
4.75,x
4.76,-22.28505541
4.77,-19.36031327
4.78,x
4.79,x
4.8,-16.33188222
4.81,-17.21166366
4.82,-13.81687511
4.83,-15.49610876
4.84,x
4.85,-15.89566029
4.86,x
4.87,x
4.88,-15.91786315
4.89,x
4.9,-13.15692672
4.91,-13.21042255
4.92,-13.41526495
4.93,x
4.94,x
4.95,-11.21441432
4.96,x
4.97,x
4.98,x
4.99,-10.05869736
5,-12.65616405
5.01,-11.16376351
5.02,x
5.03,-12.65151801
5.04,-11.18575306
5.05,x
5.06,x
5.07,x
5.08,-11.13290083
5.09,-8.248737077
5.1,x
5.11,x
5.12,-9.130090463
5.13,x
5.14,x
5.15,x
5.16,x
5.17,-8.249207229
5.18,-10.34067782
5.19,-9.145839794
5.2,x
5.21,x
5.22,x
5.23,-7.184338175
5.24,x
5.25,-7.475044663
5.26,x
5.27,x
5.28,x
5.29,x
5.3,x
5.31,-7.069937793
5.32,x
5.33,x
5.34,x
5.35,-7.741809037
5.36,x
5.37,x
5.38,-7.345631688
5.39,x
5.4,x
5.41,x
5.42,x
5.43,-6.608924722
5.44,x
5.45,x
5.46,x
5.47,-4.784140828
5.48,-6.677663851
5.49,-5.84671856
5.5,x
5.51,x
5.52,x
5.53,x
5.54,x
5.55,-7.173973697
5.56,x
5.57,x
5.58,x
5.59,x
5.6,x
5.61,x
5.62,-5.624819077
5.63,-5.564659123
5.64,x
5.65,-4.962728294
5.66,-5.460394594
5.67,-5.857611448
5.68,x
5.69,x
5.7,-5.053029023
5.71,x
5.72,-4.852957749
5.73,-4.926049494
5.74,x
5.75,-5.877854244
5.76,x
5.77,x
5.78,-6.166553224
5.79,x
5.8,x
5.81,-5.746309324
5.82,-6.468765752
5.83,-5.490642163
5.84,x
5.85,-5.421138933
5.86,x
5.87,x
5.88,x
5.89,-5.034513003
5.9,x
5.91,-4.4455773
5.92,-4.674838918
5.93,-4.908575195
5.94,-6.19698925
5.95,-5.870834893
5.96,x
5.97,-4.47195902
5.98,-5.964886619
5.99,x
6,x
6.01,x
6.02,-5.258014093
6.03,x
6.04,-5.860454529
6.05,x
6.06,-5.134748339
6.07,x
6.08,-5.77304606
6.09,-4.597356465
6.1,x
6.11,x
6.12,-5.462679035
6.13,-5.208622753
6.14,x
6.15,x
6.16,x
6.17,x
6.18,x
6.19,-5.009517026
6.2,x
6.21,x
6.22,x
6.23,-5.650791167
6.24,x
6.25,-4.878201722
6.26,x
6.27,x
6.28,-6.32940526
6.29,x
6.3,x
6.31,x
6.32,x
6.33,-5.319801685
6.34,x
6.35,-6.272318412
6.36,x
6.37,x
6.38,x
6.39,x
6.4,x
6.41,x
6.42,-4.966836169
6.43,x
6.44,x
6.45,x
6.46,x
6.47,x
6.48,-4.875075066
6.49,x
6.5,-5.379135839
6.51,x
6.52,x
6.53,x
6.54,-6.195200886
6.55,-5.955833993
6.56,x
6.57,x
6.58,-5.528570957
6.59,x
6.6,x
6.61,x
6.62,-5.17442918
6.63,x
6.64,x
6.65,x
6.66,x
6.67,-7.420204475
6.68,x
6.69,-6.091991407
6.7,x
6.71,-6.119641732
6.72,x
6.73,x
6.74,x
6.75,x
6.76,-6.553687319
6.77,x
6.78,-5.646280534
6.79,x
6.8,-6.980522206
6.81,x
6.82,x
6.83,-7.10189652
6.84,-6.283285123
6.85,-6.532818613
6.86,-6.243934521
6.87,-6.413924995
6.88,x
6.89,-6.732574018
6.9,-6.275154362
6.91,x
6.92,x
6.93,x
6.94,-6.743963433
6.95,-7.054285131
6.96,-6.770297185
6.97,x
6.98,x
6.99,x
7,x
7.01,x
7.02,x
7.03,-7.377351423
7.04,x
7.05,-7.108007377
7.06,x
7.07,-6.796010278
7.08,-6.380960656
7.09,-7.267186009
7.1,-8.131612055
7.11,x
7.12,x
7.13,x
7.14,-7.064727181
7.15,x
7.16,x
7.17,-8.385992636
7.18,-7.482454738
7.19,-7.518383721
7.2,x
7.21,x
7.22,x
7.23,-7.549589125
7.24,-8.085023686
7.25,x
7.26,x
7.27,-8.05930954
7.28,x
7.29,x
7.3,-9.061817906
7.31,x
7.32,x
7.33,-7.825637603
7.34,x
7.35,x
7.36,-8.393054063
7.37,x
7.38,-7.993967738
7.39,-8.027868076
7.4,x
7.41,-7.557765581
7.42,x
7.43,-8.941489097
7.44,x
7.45,x
7.46,x
7.47,x
7.48,x
7.49,-8.29699181
7.5,x
7.51,-9.022123315
7.52,-9.61462091
7.53,x
7.54,x
7.55,x
7.56,-9.686209502
7.57,x
7.58,x
7.59,x
7.6,x
7.61,-9.490705508
7.62,-9.001828293
7.63,x
7.64,x
7.65,-10.03857672
7.66,x
7.67,-10.36808515
7.68,-10.39102863
7.69,-12.40532509
7.7,x
7.71,x
7.72,-9.574219468
7.73,-10.57604286
7.74,x
7.75,-9.494688024
7.76,-11.35621734
7.77,x
7.78,-10.49106044
7.79,x
7.8,x
7.81,x
7.82,x
7.83,x
7.84,-10.50256269
7.85,-10.48255642
7.86,-10.50291906
7.87,x
7.88,x
7.89,-11.46053915
7.9,-12.20712859
7.91,-10.72746116
7.92,x
7.93,-10.99813392
7.94,x
7.95,x
7.96,-11.85026064
7.97,-11.15122081
7.98,-10.22593888
7.99,x
8,x
8.01,-12.79518745
8.02,-11.34923194
8.03,-11.65423825
8.04,x
8.05,-12.21586377
8.06,x
8.07,x
8.08,-9.968442549
8.09,-12.23297648
8.1,x
8.11,-13.91791336
8.12,-12.55588748
8.13,x
8.14,-12.89159616
8.15,-12.04104245
8.16,-10.17318958
8.17,-13.28621845
8.18,x
8.19,x
8.2,-12.74114822
8.21,-12.19726144
8.22,x
8.23,-13.03397919
8.24,x
8.25,x
8.26,-13.01395091
8.27,-14.96276455
8.28,-14.61094086
8.29,x
8.3,x
8.31,x
8.32,-11.88753444
8.33,x
8.34,x
8.35,x
8.36,-14.83618973
8.37,x
8.38,x
8.39,-13.18642174
8.4,x
8.41,-15.74714968
8.42,x
8.43,x
8.44,x
8.45,x
8.46,x
8.47,-14.67583795
8.48,-13.10239295
8.49,-14.31850068
8.5,x
8.51,x
8.52,-12.68828403
8.53,x
8.54,x
8.55,-14.17805001
8.56,-18.42836079
8.57,x
8.58,-16.02105627
8.59,x
8.6,-16.35577433
8.61,x
8.62,-14.26578842
8.63,-15.01557904
8.64,x
8.65,x
8.66,x
8.67,-18.46244058
8.68,-18.9355387
8.69,x
8.7,-13.48623181
8.71,x
8.72,x
8.73,x
8.74,-14.50955946
8.75,x
8.76,x
8.77,x
8.78,x
8.79,x
8.8,-20.22485642
8.81,-20.7687298
8.82,x
8.83,x
8.84,x
8.85,-19.08080016
8.86,x
8.87,x
8.88,x
8.89,-23.58392198
8.9,x
8.91,-17.46313766
8.92,-17.9899444
8.93,-24.45203573
8.94,x
8.95,-19.22151828
8.96,x
8.97,x
8.98,x
8.99,x
9,x
9.01,-19.61494118
9.02,x
9.03,x
9.04,-21.58580429
9.05,x
9.06,x
9.07,-21.05162747
9.08,-20.82427951
9.09,-24.56165387
9.1,x
9.11,x
9.12,x
9.13,x
9.14,-20.47797743
9.15,x
9.16,x
9.17,x
9.18,x
9.19,x
9.2,-24.22588709
9.21,x
9.22,x
9.23,x
9.24,x
9.25,x
9.26,-23.55727645
9.27,-25.26610429
9.28,-26.76929365
9.29,x
9.3,x
9.31,x
9.32,-26.48901593
9.33,x
9.34,x
9.35,-24.93986113
9.36,-27.53823741
9.37,x
9.38,x
9.39,-25.50289755
9.4,-20.61039051
9.41,-30.12629758
9.42,-27.94314872
9.43,x
9.44,-23.5830494
9.45,x
9.46,-24.17523391
9.47,x
9.48,x
9.49,-26.86496162
9.5,x
9.51,x
9.52,-26.45464799
9.53,x
9.54,-26.17795864
9.55,x
9.56,x
9.57,x
9.58,x
9.59,x
9.6,x
9.61,-30.21176512
9.62,-30.11305866
9.63,-25.77439708
9.64,-29.92571124
9.65,x
9.66,x
9.67,x
9.68,x
9.69,-29.34853666
9.7,x
9.71,x
9.72,x
9.73,-27.84492446
9.74,x
9.75,x
9.76,-31.46646374
9.77,x
9.78,x
9.79,x
9.8,x
9.81,x
9.82,-32.52632938
9.83,x
9.84,-32.45263499
9.85,-32.5862638
9.86,-31.83433008
9.87,x
9.88,x
9.89,-36.77534738
9.9,x
9.91,x
9.92,x
9.93,x
9.94,-41.05750394
9.95,x
9.96,x
9.97,-35.31232352
9.98,x
9.99,x
10,x
10.01,x
10.02,x
10.03,x
10.04,x
10.05,x
10.06,x
10.07,x
10.08,x
10.09,-35.45619221
10.1,-37.3888208
10.11,x
10.12,-34.66027689
10.13,-32.0390327
10.14,x
10.15,x
10.16,-40.18958314
10.17,-44.4793085
10.18,x
10.19,-45.93830938
10.2,-39.29810308
10.21,x
10.22,x
10.23,-41.5318663
10.24,-43.20379351
10.25,-51.93072825
10.26,-42.5176304
10.27,-43.40004175
10.28,-37.95170637
10.29,x
10.3,x
10.31,-37.93026756
10.32,x
10.33,-41.59921072
10.34,x
10.35,-37.4673899
10.36,x
10.37,x
10.38,x
10.39,-51.78398431
10.4,-35.73777445
10.41,x
10.42,-44.70455083
10.43,x
10.44,-42.25085685
10.45,x
10.46,x
10.47,x
10.48,x
10.49,x
10.5,x
10.51,x
10.52,-50.31749079
10.53,x
10.54,-50.11654659
10.55,-56.20286235
10.56,-47.89215197
10.57,x
10.58,-41.37035785
10.59,x
10.6,x
10.61,x
10.62,x
10.63,x
10.64,x
10.65,x
10.66,x
10.67,x
10.68,x
10.69,x
10.7,x
10.71,x
10.72,x
10.73,x
10.74,-50.12350092
10.75,x
10.76,x
10.77,x
10.78,-47.81144425
10.79,-58.95869851
10.8,-46.99458112
10.81,-46.45937594
10.82,x
10.83,-58.70131205
10.84,x
10.85,x
10.86,x
10.87,x
10.88,-57.37954517
10.89,x
10.9,-55.19354827
10.91,x
10.92,-50.30316017
10.93,x
10.94,x
10.95,x
10.96,x
10.97,x
10.98,x
10.99,x
11,x
11.01,-61.27424569
11.02,x
11.03,x
11.04,x
11.05,-65.77512101
11.06,x
11.07,x
11.08,x
11.09,x
11.1,x
11.11,x
11.12,x
11.13,x
11.14,x
11.15,x
11.16,x
11.17,x
11.18,-51.09064354
11.19,x
11.2,x
11.21,-49.59229954
11.22,-61.808789
11.23,-46.86353455
11.24,x
11.25,x
11.26,x
11.27,x
11.28,x
11.29,-54.60390086
11.3,x
11.31,-54.8171022
11.32,x
11.33,-49.43164665
11.34,-52.87308765
11.35,x
11.36,x
11.37,x
11.38,x
11.39,x
11.4,-43.57206107
11.41,-49.42043521
11.42,x
11.43,x
11.44,-52.07183857
11.45,x
11.46,x
11.47,-36.07248558
11.48,x
11.49,x
11.5,x
11.51,x
11.52,x
11.53,-35.66309436
11.54,-40.52434426
11.55,-39.2070175
11.56,x
11.57,x
11.58,x
11.59,x
11.6,x
11.61,x
11.62,-31.08806188
11.63,x
11.64,x
11.65,-34.00761918
11.66,x
11.67,x
11.68,x
11.69,x
11.7,x
11.71,x
11.72,x
11.73,-27.01442229
11.74,-26.89048791
11.75,-22.62219819
11.76,x
11.77,x
11.78,-20.79869221
11.79,-26.1899708
11.8,-21.30305495
11.81,-25.52684326
11.82,x
11.83,x
11.84,-21.85150624
11.85,-18.24030564
11.86,-20.93633958
11.87,-19.27222506
11.88,x
11.89,-18.83010606
11.9,x
11.91,-19.01552612
11.92,-19.16579649
11.93,x
11.94,-16.23035513
11.95,-12.28970019
11.96,x
11.97,x
11.98,-12.54877973
11.99,-14.87083976
12,-12.92912523
12.01,-12.93252683
12.02,x
12.03,x
12.04,-15.16216897
12.05,x
12.06,x
12.07,x
12.08,x
12.09,-10.32507621
12.1,x
12.11,-11.61792518
12.12,x
12.13,x
12.14,x
12.15,x
12.16,-9.817663678
12.17,x
12.18,-10.33503819
12.19,-8.690231222
12.2,-11.35149033
12.21,x
12.22,x
12.23,-8.700960643
12.24,-7.276152142
12.25,x
12.26,x
12.27,x
12.28,x
12.29,-8.98412
12.3,x
12.31,-7.590304063
12.32,-7.8402841
12.33,-7.501085447
12.34,x
12.35,-7.657172026
12.36,-7.748685498
12.37,-10.03446851
12.38,x
12.39,x
12.4,x
12.41,x
12.42,x
12.43,x
12.44,x
12.45,x
12.46,-6.494070664
12.47,x
12.48,-6.460333186
12.49,x
12.5,x
12.51,x
12.52,x
12.53,x
12.54,-5.795222819
12.55,-5.661825553
12.56,x
12.57,x
12.58,-6.280873262
12.59,-5.019034815
12.6,-6.41063743
12.61,-6.416960532
12.62,x
12.63,x
12.64,x
12.65,x
12.66,x
12.67,-6.471688502
12.68,x
12.69,-5.709605643
12.7,x
12.71,-6.870110967
12.72,x
12.73,x
12.74,x
12.75,x
12.76,x
12.77,x
12.78,x
12.79,-5.949206796
12.8,x
12.81,-5.747604803
12.82,-4.98492676
12.83,x
12.84,x
12.85,x
12.86,x
12.87,-4.613597851
12.88,x
12.89,-4.68602388
12.9,-4.947995248
12.91,x
12.92,-5.155051579
12.93,-5.096788847
12.94,x
12.95,x
12.96,x
12.97,x
12.98,x
12.99,-5.208942493
13,x
13.01,-4.968061524
13.02,x
13.03,-4.519259261
13.04,-4.704771238
13.05,x
13.06,-5.739907154
13.07,x
13.08,x
13.09,x
13.1,-4.833434645
13.11,-5.122506323
13.12,x
13.13,-5.907495294
13.14,x
13.15,x
13.16,-5.572922533
13.17,x
13.18,-4.400497436
13.19,-4.698761063
13.2,-4.975144543
13.21,x
13.22,x
13.23,x
13.24,x
13.25,x
13.26,-4.644519877
13.27,x
13.28,x
13.29,-4.971935661
13.3,x
13.31,-4.81347755
13.32,x
13.33,x
13.34,x
13.35,-4.508275104
13.36,-4.522915736
13.37,-4.576450174
13.38,x
13.39,x
13.4,-6.217942963
13.41,x
13.42,x
13.43,-4.85089839
13.44,x
13.45,x
13.46,x
13.47,-5.321870728
13.48,x
13.49,-5.169031043
13.5,-4.839553495
13.51,-5.411378078
13.52,-5.450090221
13.53,x
13.54,-5.696497563
13.55,x
13.56,-5.583374379
13.57,x
13.58,x
13.59,x
13.6,x
13.61,x
13.62,-5.608318364
13.63,x
13.64,x
13.65,x
13.66,-5.749232132
13.67,-6.194209992
13.68,x
13.69,-5.061597233
13.7,-7.018040978
13.71,x
13.72,x
13.73,x
13.74,x
13.75,x
13.76,x
13.77,x
13.78,-4.958291016
13.79,-5.844184955
13.8,-5.190103761
13.81,x
13.82,-5.752266982
13.83,-5.318504305
13.84,-5.750815047
13.85,x
13.86,x
13.87,x
13.88,-5.416343339
13.89,x
13.9,-7.026644921
13.91,x
13.92,x
13.93,-6.455812346
13.94,x
13.95,-5.786448921
13.96,x
13.97,x
13.98,x
13.99,-6.935157916
14,-6.254733869
14.01,x
14.02,x
14.03,x
14.04,x
14.05,x
14.06,x
14.07,x
14.08,x
14.09,x
14.1,x
14.11,x
14.12,x
14.13,-7.30443698
14.14,-5.837307435
14.15,-7.255897551
14.16,x
14.17,-6.531252837
14.18,x
14.19,-5.54586261
14.2,-6.851779724
14.21,x
14.22,-6.758487023
14.23,x
14.24,x
14.25,x
14.26,-7.604005522
14.27,x
14.28,-6.455657994
14.29,x
14.3,-7.138299841
14.31,-7.408573307
14.32,-7.039598472
14.33,x
14.34,-7.688634766
14.35,x
14.36,-6.956854733
14.37,-7.714081231
14.38,x
14.39,-6.669538494
14.4,-8.335120263
14.41,x
14.42,x
14.43,-7.509548743
14.44,x
14.45,-8.742250855
14.46,x
14.47,x
14.48,x
14.49,-8.190338887
14.5,-6.875026737
14.51,x
14.52,x
14.53,x
14.54,-7.711528665
14.55,x
14.56,-9.460269213
14.57,-8.621437236
14.58,-7.910481683
14.59,-8.618711766
14.6,x
14.61,x
14.62,-8.848567616
14.63,-7.741088067
14.64,-7.543855199
14.65,-9.771716829
14.66,x
14.67,x
14.68,x
14.69,x
14.7,x
14.71,-10.23423453
14.72,-8.788135831
14.73,-8.927159821
14.74,-8.306893688
14.75,x
14.76,-8.712187237
14.77,x
14.78,x
14.79,-8.853713146
14.8,-9.966171704
14.81,-10.59441961
14.82,x
14.83,x
14.84,-8.823376427
14.85,x
14.86,x
14.87,-10.71273933
14.88,x
14.89,x
14.9,-10.10407979
14.91,x
14.92,x
14.93,x
14.94,x
14.95,x
14.96,x
14.97,-10.1137246
14.98,x
14.99,-10.72310271
15,-9.259032039
15.01,x
15.02,x
15.03,x
15.04,-10.86913892
15.05,x
15.06,-13.7420802
15.07,x
15.08,x
15.09,x
15.1,-11.38745648
15.11,-9.382392921
15.12,x
15.13,-10.99842545
15.14,-12.38668539
15.15,-11.11085827
15.16,-12.732196
15.17,-13.11522516
15.18,x
15.19,-9.809024578
15.2,-11.93283712
15.21,-11.32910497
15.22,-11.3015237
15.23,-11.63031091
15.24,-11.43240136
15.25,-13.10883773
15.26,-12.25948218
15.27,x
15.28,-11.08692864
15.29,-12.27452144
15.3,-10.27569754
15.31,-13.87123748
15.32,-11.79641694
15.33,x
15.34,x
15.35,x
15.36,x
15.37,x
15.38,x
15.39,-13.3881238
15.4,-13.57972535
15.41,x
15.42,x
15.43,x
15.44,-11.75682035
15.45,x
15.46,x
15.47,-15.92010407
15.48,-14.13478732
15.49,x
15.5,x
15.51,-13.29093831
15.52,-14.02732706
15.53,-15.42842632
15.54,-11.84062688
15.55,x
15.56,-14.83685788
15.57,-14.58384753
15.58,x
15.59,-12.67551467
15.6,x
15.61,-14.29797317
15.62,x
15.63,x
15.64,-14.24265673
15.65,x
15.66,x
15.67,x
15.68,x
15.69,-15.86569731
15.7,-15.411802
15.71,x
15.72,x
15.73,x
15.74,x
15.75,x
15.76,-19.16954595
15.77,x
15.78,-14.08721317
15.79,x
15.8,-17.86142012
15.81,-18.06328342
15.82,-16.9201007
15.83,x
15.84,x
15.85,-20.56509537
15.86,-18.80898883
15.87,x
15.88,x
15.89,x
15.9,x
15.91,-20.83313353
15.92,x
15.93,x
15.94,x
15.95,x
15.96,x
15.97,x
15.98,x
15.99,-18.81561724
16,-16.24153786
16.01,x
16.02,x
16.03,x
16.04,-18.85452981
16.05,x
16.06,-20.00838955
16.07,x
16.08,x
16.09,x
16.1,-19.7602811
16.11,x
16.12,-21.85108329
16.13,-20.55040939
16.14,x
16.15,x
16.16,-18.49613424
16.17,x
16.18,x
16.19,-23.52233933
16.2,x
16.21,x
16.22,-20.53897507
16.23,-18.49473212
16.24,x
16.25,x
16.26,-21.94061862
16.27,-21.66408201
16.28,x
16.29,x
16.3,-18.49771698
16.31,x
16.32,x
16.33,-23.22936861
16.34,-21.5967608
16.35,-26.11580432
16.36,-20.84495917
16.37,-22.30238799
16.38,x
16.39,x
16.4,-25.52054057
16.41,x
16.42,x
16.43,-26.83784063
16.44,x
16.45,x
16.46,x
16.47,-24.32414623
16.48,-22.40087374
16.49,-22.9960708
16.5,x
16.51,x
16.52,x
16.53,x
16.54,x
16.55,-26.17236613
16.56,x
16.57,x
16.58,x
16.59,-23.5100516
16.6,-25.28317398
16.61,-25.65093633
16.62,-26.76017332
16.63,x
16.64,x
16.65,x
16.66,-23.01677601
16.67,x
16.68,-27.44229705
16.69,x
16.7,x
16.71,-29.25330581
16.72,x
16.73,x
16.74,x
16.75,-34.94895742
16.76,x
16.77,-24.99744434
16.78,-29.35177475
16.79,-26.243203
16.8,x
16.81,x
16.82,-27.17529127
16.83,-29.16938971
16.84,-37.57312926
16.85,x
16.86,-29.39733185
16.87,-28.70014408
16.88,-26.7441519
16.89,-31.2548763
16.9,x
16.91,x
16.92,-28.35013087
16.93,-28.73285228
16.94,-26.26229813
16.95,x
16.96,x
16.97,x
16.98,x
16.99,x
17,-35.15768277
17.01,-27.77002825
17.02,x
17.03,x
17.04,-35.70482771
17.05,x
17.06,-36.40606623
17.07,x
17.08,x
17.09,-31.58720375
17.1,-35.24933745
17.11,-38.13255068
17.12,-35.22287611
17.13,x
17.14,x
17.15,x
17.16,-31.86532216
17.17,-39.0787453
17.18,x
17.19,x
17.2,x
17.21,x
17.22,x
17.23,-36.87434897
17.24,-33.37167438
17.25,-36.81112764
17.26,x
17.27,-35.42868271
17.28,x
17.29,-37.68091192
17.3,x
17.31,x
17.32,-37.39076462
17.33,-36.60183703
17.34,x
17.35,x
17.36,-40.79883523
17.37,-46.90679518
17.38,-37.95872159
17.39,-40.06662768
17.4,x
17.41,-34.13350831
17.42,x
17.43,x
17.44,x
17.45,-50.21434744
17.46,x
17.47,x
17.48,x
17.49,-44.0174277
17.5,-47.5906514
17.51,x
17.52,x
17.53,x
17.54,x
17.55,-50.9787766
17.56,x
17.57,-43.07109566
17.58,-44.97503773
17.59,x
17.6,-39.64901737
17.61,x
17.62,-44.50121187
17.63,x
17.64,-46.49887137
17.65,x
17.66,x
17.67,-50.02302377
17.68,x
17.69,-42.33012922
17.7,x
17.71,x
17.72,x
17.73,x
17.74,x
17.75,x
17.76,x
17.77,x
17.78,x
17.79,x
17.8,-57.85794885
17.81,-45.02208241
17.82,-53.86922451
17.83,x
17.84,-54.98769818
17.85,x
17.86,-52.75582743
17.87,x
17.88,x
17.89,x
17.9,-56.95380389
17.91,-57.08750797
17.92,-51.25783046
17.93,x
17.94,-48.73557977
17.95,x
17.96,x
17.97,x
17.98,x
17.99,x
18,x
18.01,-58.44696822
18.02,x
18.03,-48.75436335
18.04,-53.88152617
18.05,-58.07298403
18.06,-53.53073874
18.07,x
18.08,x
18.09,x
18.1,x
18.11,-60.60897413
18.12,-61.26272206
18.13,x
18.14,-56.85249171
18.15,x
18.16,x
18.17,-59.53127687
18.18,x
18.19,x
18.2,x
18.21,x
18.22,x
18.23,-58.118415
18.24,x
18.25,x
18.26,x
18.27,-60.97775545
18.28,x
18.29,x
18.3,x
18.31,-44.19329102
18.32,-53.52569103
18.33,-58.77037764
18.34,x
18.35,-55.56366211
18.36,-55.04272468
18.37,-54.00945531
18.38,x
18.39,-48.50176098
18.4,x
18.41,-57.94114074
18.42,x
18.43,-55.08844405
18.44,x
18.45,-54.48466372
18.46,x
18.47,-50.17924224
18.48,x
18.49,x
18.5,-53.89077951
18.51,x
18.52,-52.76023423
18.53,x
18.54,x
18.55,x
18.56,x
18.57,-49.19971559
18.58,x
18.59,-49.35248274
18.6,-56.64150153
18.61,-44.37850461
18.62,x
18.63,x
18.64,x
18.65,x
18.66,-57.1989791
18.67,-46.92144939
18.68,x
18.69,x
18.7,x
18.71,-47.4968455
18.72,x
18.73,-44.52466992
18.74,x
18.75,x
18.76,x
18.77,x
18.78,x
18.79,x
18.8,-31.87648987
18.81,-30.91273271
18.82,x
18.83,x
18.84,x
18.85,x
18.86,x
18.87,-28.76937381
18.88,x
18.89,x
18.9,-29.49276371
18.91,x
18.92,x
18.93,x
18.94,-27.38629411
18.95,-22.45095599
18.96,x
18.97,x
18.98,x
18.99,x
19,-21.3862937
19.01,-18.86852
19.02,x
19.03,x
19.04,-26.97884091
19.05,x
19.06,-17.81385265
19.07,x
19.08,x
19.09,x
19.1,x
19.11,x
19.12,x
19.13,-16.207258
19.14,x
19.15,-15.32613333
19.16,x
19.17,x
19.18,x
19.19,x
19.2,x
19.21,-11.31856658
19.22,x
19.23,-13.15825491
19.24,x
19.25,x
19.26,x
19.27,x
19.28,-12.66300707
19.29,x
19.3,-11.82696199
19.31,x
19.32,-10.82582309
19.33,x
19.34,x
19.35,-13.48959901
19.36,x
19.37,x
19.38,-11.04434148
19.39,-9.92662692
19.4,x
19.41,x
19.42,-9.603539671
19.43,x
19.44,x
19.45,-7.779640795
19.46,x
19.47,x
19.48,-8.042336029
19.49,-8.086124429
19.5,x
19.51,-8.398012755
19.52,x
19.53,-9.231205271
19.54,x
19.55,-6.580110027
19.56,x
19.57,-7.13353616
19.58,-7.06329861
19.59,x
19.6,x
19.61,x
19.62,x
19.63,x
19.64,x
19.65,x
19.66,x
19.67,x
19.68,-7.202723729
19.69,x
19.7,-5.381950013
19.71,x
19.72,x
19.73,x
19.74,-5.375273422
19.75,x
19.76,-6.564195151
19.77,-6.324827753
19.78,x
19.79,-6.404586147
19.8,-5.456587266
19.81,x
19.82,x
19.83,x
19.84,-6.651898053
19.85,-6.058673993
19.86,x
19.87,-5.992859291
19.88,x
19.89,-6.014560904
19.9,x
19.91,x
19.92,x
19.93,-5.030567306
19.94,-4.498788978
19.95,x
19.96,x
19.97,x
19.98,-4.610146596
19.99,-4.60652656
20,x
20.01,x
20.02,-10.4895767
20.03,x
20.04,-9.45153558
20.05,x
20.06,-10.35722298
20.07,-10.10073249
20.08,x
20.09,-11.65100612
20.1,x
20.11,x
20.12,-9.746884352
20.13,-9.595545367
20.14,x
20.15,x
20.16,x
20.17,x
20.18,-10.95681495
20.19,x
20.2,x
20.21,x
20.22,x
20.23,x
20.24,x
20.25,x
20.26,x
20.27,-12.2401535
20.28,x
20.29,x
20.3,-10.91455135
20.31,x
20.32,x
20.33,x
20.34,-10.81736667
20.35,x
20.36,x
20.37,-11.88217217
20.38,x
20.39,x
20.4,x
20.41,-11.97057193
20.42,x
20.43,x
20.44,-12.35609547
20.45,x
20.46,-14.97649759
20.47,-13.17215858
20.48,-12.14689401
20.49,x
20.5,x
20.51,x
20.52,-10.26293175
20.53,-12.84095344
20.54,x
20.55,x
20.56,-13.81826847
20.57,x
20.58,x
20.59,x
20.6,x
20.61,x
20.62,x
20.63,-11.67681746
20.64,x
20.65,x
20.66,-17.0721951
20.67,x
20.68,x
20.69,x
20.7,x
20.71,x
20.72,x
20.73,x
20.74,x
20.75,-11.017828
20.76,-12.76203976
20.77,-12.94137571
20.78,x
20.79,x
20.8,x
20.81,-14.5895496
20.82,-14.99943779
20.83,-14.24770266
20.84,x
20.85,x
20.86,x
20.87,x
20.88,x
20.89,-15.62692135
20.9,x
20.91,x
20.92,x
20.93,-14.6602413
20.94,x
20.95,x
20.96,-17.06754558
20.97,x
20.98,x
20.99,-16.75900832
21,x
21.01,-14.59081622
21.02,x
21.03,x
21.04,-15.44722533
21.05,x
21.06,-15.01389295
21.07,x
21.08,x
21.09,x
21.1,x
21.11,x
21.12,x
21.13,-16.13358464
21.14,x
21.15,-17.94106796
21.16,-18.42725582
21.17,x
21.18,-19.38722209
21.19,x
21.2,-16.864036
21.21,-18.54270932
21.22,x
21.23,-17.46407139
21.24,-19.37380121
21.25,-16.57791772
21.26,x
21.27,-16.21842832
21.28,x
21.29,x
21.3,x
21.31,x
21.32,-18.93018416
21.33,x
21.34,x
21.35,x
21.36,x
21.37,x
21.38,x
21.39,-20.03461597
21.4,-19.35172333
21.41,x
21.42,x
21.43,-20.32834413
21.44,x
21.45,x
21.46,-19.7805134
21.47,-20.09853507
21.48,-17.92572171
21.49,-25.15039505
21.5,-19.49520849
21.51,-28.46086838
21.52,x
21.53,-20.57540791
21.54,-17.5871407
21.55,-22.14410552
21.56,x
21.57,-24.2354116
21.58,-22.28910454
21.59,x
21.6,-23.44884204
21.61,x
21.62,x
21.63,-18.35267997
21.64,-21.33716245
21.65,-21.90817615
21.66,-22.79143761
21.67,x
21.68,-24.15946126
21.69,x
21.7,-26.97541874
21.71,-22.34705621
21.72,-19.30778315
21.73,-23.4661616
21.74,-22.43291213
21.75,-25.32042497
21.76,-25.51859034
21.77,-23.20168928
21.78,-20.5215935
21.79,x
21.8,-23.86694046
21.81,x
21.82,x
21.83,-28.54613327
21.84,-30.15132742
21.85,x
21.86,-24.50730112
21.87,x
21.88,x
21.89,x
21.9,x
21.91,x
21.92,-25.94518536
21.93,-24.93664363
21.94,-29.70461109
21.95,-22.09800681
21.96,x
21.97,-29.65213094
21.98,-30.34059694
21.99,x
22,x
22.01,x
22.02,x
22.03,-28.12994603
22.04,-24.29751903
22.05,x
22.06,x
22.07,-29.47551374
22.08,-25.60466398
22.09,-23.29814129
22.1,-30.91851317
22.11,x
22.12,x
22.13,-28.01472482
22.14,-29.97746426
22.15,x
22.16,-31.36482823
22.17,x
22.18,x
22.19,-34.95827922
22.2,-30.19044035
22.21,x
22.22,-30.59261966
22.23,-34.80673399
22.24,-31.8977572
22.25,x
22.26,-28.24632007
22.27,-27.49243409
22.28,x
22.29,x
22.3,-33.56054367
22.31,x
22.32,x
22.33,x
22.34,x
22.35,x
22.36,-36.54572815
22.37,x
22.38,-35.35602317
22.39,-33.17961381
22.4,x
22.41,-31.4708042
22.42,x
22.43,x
22.44,-32.36687751
22.45,-31.69529577
22.46,x
22.47,x
22.48,x
22.49,x
22.5,x
22.51,-39.70503124
22.52,-38.45560531
22.53,-34.25581897
22.54,x
22.55,-39.86139987
22.56,-38.45965533
22.57,x
22.58,x
22.59,-40.12768514
22.6,x
22.61,-47.59101816
22.62,x
22.63,x
22.64,x
22.65,-43.58762192
22.66,x
22.67,x
22.68,x
22.69,-41.69368025
22.7,x
22.71,x
22.72,-41.54569371
22.73,x
22.74,-32.81576128
22.75,x
22.76,x
22.77,x
22.78,x
22.79,x
22.8,x
22.81,x
22.82,x
22.83,x
22.84,-41.27872081
22.85,-48.50956045
22.86,x
22.87,-42.11427247
22.88,-43.30862885
22.89,x
22.9,-49.50822395
22.91,x
22.92,x
22.93,-53.54061968
22.94,-39.34640763
22.95,-57.96008105
22.96,x
22.97,x
22.98,-52.92338217
22.99,x
23,-51.44193694
23.01,-48.36786848
23.02,-54.78394606
23.03,-41.60611857
23.04,-53.96276295
23.05,x
23.06,-45.82085433
23.07,x
23.08,x
23.09,x
23.1,x
23.11,x
23.12,x
23.13,x
23.14,-44.653898
23.15,-52.39909075
23.16,x
23.17,x
23.18,-46.85736074
23.19,x
23.2,-50.18619855
23.21,x
23.22,-52.89512051
23.23,x
23.24,x
23.25,x
23.26,-49.8212528
23.27,x
23.28,x
23.29,x
23.3,x
23.31,x
23.32,x
23.33,-62.66744211
23.34,-58.53676748
23.35,x
23.36,-64.69131497
23.37,x
23.38,-71.24304168
23.39,-61.35805767
23.4,x
23.41,-60.54677601
23.42,-55.62239365
23.43,-55.52890941
23.44,x
23.45,x
23.46,-58.66825275
23.47,x
23.48,x
23.49,x
23.5,x
23.51,x
23.52,-61.10140864
23.53,x
23.54,-81.01047867
23.55,x
23.56,-59.86491811
23.57,-57.37507749
23.58,x
23.59,x
23.6,-64.94419789
23.61,-68.44434416
23.62,x
23.63,x
23.64,x
23.65,-72.99389707
23.66,-64.56876379
23.67,-72.59062473
23.68,x
23.69,-73.61735859
23.7,x
23.71,x
23.72,x
23.73,x
23.74,-65.8191608
23.75,-69.5858177
23.76,x
23.77,x
23.78,x
23.79,x
23.8,x
23.81,x
23.82,-65.11670438
23.83,x
23.84,-56.46300825
23.85,-65.7136952
23.86,x
23.87,-65.21622736
23.88,-66.3374909
23.89,x
23.9,x
23.91,x
23.92,x
23.93,x
23.94,x
23.95,-70.6707411
23.96,x
23.97,x
23.98,-66.68012164
23.99,-74.80065462
24,x
24.01,x
24.02,-54.42155664
24.03,x
24.04,x
24.05,-71.84692809
24.06,-62.81920832
24.07,-73.79419514
24.08,x
24.09,x
24.1,x
24.11,-73.82320092
24.12,x
24.13,x
24.14,x
24.15,x
24.16,-73.71809514
24.17,-47.85666163
24.18,x
24.19,x
24.2,x
24.21,-54.71512025
24.22,x
24.23,x
24.24,x
24.25,x
24.26,x
24.27,x
24.28,-45.26865814
24.29,x
24.3,x
24.31,-55.93407038
24.32,-56.06223414
24.33,-47.79592383
24.34,-63.50416857
24.35,x
24.36,x
24.37,-51.51959521
24.38,x
24.39,-53.82678645
24.4,x
24.41,x
24.42,x
24.43,-44.57283982
24.44,x
24.45,x
24.46,-48.89991924
24.47,x
24.48,x
24.49,-48.04351551
24.5,-40.05127608
24.51,-39.7272688
24.52,x
24.53,x
24.54,x
24.55,x
24.56,-35.32085482
24.57,x
24.58,x
24.59,x
24.6,x
24.61,x
24.62,x
24.63,-33.22216279
24.64,x
24.65,-33.55599102
24.66,-30.07538972
24.67,x
24.68,-27.59580802
24.69,-31.58842159
24.7,-24.06682854
24.71,x
24.72,x
24.73,x
24.74,x
24.75,x
24.76,-28.30804336
24.77,-24.59283037
24.78,x
24.79,x
24.8,-20.74590444
24.81,-21.86346465
24.82,-17.55116568
24.83,-19.68424626
24.84,x
24.85,-20.19178469
24.86,x
24.87,x
24.88,-20.21998833
24.89,x
24.9,-16.71285286
24.91,-16.78080702
24.92,-17.04101224
24.93,x
24.94,x
24.95,-14.24533711
24.96,x
24.97,x
24.98,x
24.99,-12.77726421
25,-16.07674893
25.01,-14.18099689
25.02,x
25.03,-16.0708472
25.04,-14.20892956
25.05,x
25.06,x
25.07,x
25.08,-14.14179294
25.09,-10.47812548
25.1,x
25.11,x
25.12,-11.59768248
25.13,x
25.14,x
25.15,x
25.16,x
25.17,-10.4787227
25.18,-13.13545561
25.19,-11.61768839
25.2,x
25.21,x
25.22,x
25.23,-9.126051196
25.24,x
25.25,-9.495327004
25.26,x
25.27,x
25.28,x
25.29,x
25.3,x
25.31,-8.980731792
25.32,x
25.33,x
25.34,x
25.35,-9.834189857
25.36,x
25.37,x
25.38,-9.33093755
25.39,x
25.4,x
25.41,x
25.42,x
25.43,-8.395120593
25.44,x
25.45,x
25.46,x
25.47,-6.077151862
25.48,-8.482437865
25.49,-7.426912765
25.5,x
25.51,x
25.52,x
25.53,x
25.54,x
25.55,-9.112885506
25.56,x
25.57,x
25.58,x
25.59,x
25.6,x
25.61,x
25.62,-7.145040449
25.63,-7.068621049
25.64,x
25.65,-6.304006212
25.66,-6.936176917
25.67,-7.440749677
25.68,x
25.69,x
25.7,-6.418712543
25.71,x
25.72,-6.164567951
25.73,-6.257414222
25.74,x
25.75,-7.4664635
25.76,x
25.77,x
25.78,-7.83318923
25.79,x
25.8,x
25.81,-7.299365898
25.82,-8.21708082
25.83,-6.974599505
25.84,x
25.85,-6.886311618
25.86,x
25.87,x
25.88,x
25.89,-6.395192192
25.9,x
25.91,-5.647084678
25.92,-5.938308895
25.93,-6.235217139
25.94,-7.87185121
25.95,-7.457547026
25.96,x
25.97,-5.680596593
25.98,-7.577018138
25.99,x
26,x
26.01,x
26.02,-6.679098983
26.03,x
26.04,-7.444361158
26.05,x
26.06,-6.522518161
26.07,x
26.08,-7.333328779
26.09,-5.839885239
26.1,x
26.11,x
26.12,-6.939078774
26.13,-6.616358632
26.14,x
26.15,x
26.16,x
26.17,x
26.18,x
26.19,-6.363440546
26.2,x
26.21,x
26.22,x
26.23,-7.178032023
26.24,x
26.25,-6.19663462
26.26,x
26.27,x
26.28,-8.04005533
26.29,x
26.3,x
26.31,x
26.32,x
26.33,-6.757585924
26.34,x
26.35,-7.967539605
26.36,x
26.37,x
26.38,x
26.39,x
26.4,x
26.41,x
26.42,-6.309224323
26.43,x
26.44,x
26.45,x
26.46,x
26.47,x
26.48,-6.192662922
26.49,x
26.5,-6.832956335
26.51,x
26.52,x
26.53,x
26.54,-7.869579503
26.55,-7.565518856
26.56,x
26.57,x
26.58,-7.022779324
26.59,x
26.6,x
26.61,x
26.62,-6.572923553
26.63,x
26.64,x
26.65,x
26.66,x
26.67,-9.425665144
26.68,x
26.69,-7.738475571
26.7,x
26.71,-7.773598957
26.72,x
26.73,x
26.74,x
26.75,x
26.76,-8.324954161
26.77,x
26.78,-7.1723023
26.79,x
26.8,-8.867149829
26.81,x
26.82,x
26.83,-9.021328013
26.84,-7.981470292
26.85,-8.298445266
26.86,-7.931484392
26.87,-8.147418236
26.88,x
26.89,-8.552188617
26.9,-7.971142028
26.91,x
26.92,x
26.93,x
26.94,-8.566656252
26.95,-8.96084868
26.96,-8.600107235
26.97,x
26.98,x
26.99,x
27,x
27.01,x
27.02,x
27.03,-9.371230186
27.04,x
27.05,-9.029090452
27.06,x
27.07,-8.632769813
27.08,-8.105544617
27.09,-9.231290335
27.1,-10.32934504
27.11,x
27.12,x
27.13,x
27.14,-8.974112905
27.15,x
27.16,x
27.17,-10.65247713
27.18,-9.504739802
27.19,-9.550379321
27.2,x
27.21,x
27.22,x
27.23,-9.590018619
27.24,-10.27016522
27.25,x
27.26,x
27.27,-10.23750131
27.28,x
27.29,x
27.3,-11.51095788
27.31,x
27.32,x
27.33,-9.940674793
27.34,x
27.35,x
27.36,-10.66144705
27.37,x
27.38,-10.15449956
27.39,-10.19756215
27.4,x
27.41,-9.600404927
27.42,x
27.43,-11.35810777
27.44,x
27.45,x
27.46,x
27.47,x
27.48,x
27.49,-10.53942203
27.5,x
27.51,-11.46053502
27.52,-12.2131671
27.53,x
27.54,x
27.55,x
27.56,-12.30410396
27.57,x
27.58,x
27.59,x
27.6,x
27.61,-12.05576105
27.62,-11.43475486
27.63,x
27.64,x
27.65,-12.75170556
27.66,x
27.67,-13.17027032
27.68,-13.19941475
27.69,-15.75811565
27.7,x
27.71,x
27.72,-12.16184635
27.73,-13.43443283
